{"microbit":{"DFRobot_SHT20.h":{"AllObj":["!DFScratch/extensions/(SEN0227)-SHT20_I2C_Water-thirdex/arduinoC/libraries/ext-DFRobot_SHT20-master/microbit/DFRobot_SHT20.cpp.o","\\arduino\\hardware\\dfrobot\\nRF5\\libraries\\Wire\\microbit\\Wire.cpp.o"],"AllIncludes":["/arduino/hardware/dfrobot/nRF5/cores/nRF5","/arduino/hardware/dfrobot/nRF5/variants/BBCmicrobit","!DFScratch/extensions/(SEN0227)-SHT20_I2C_Water-thirdex/arduinoC/libraries/ext-DFRobot_SHT20-master","/arduino/hardware/dfrobot/nRF5/libraries/Wire"]}},"mpython":{"DFRobot_SHT20.h":{"AllObj":["!DFScratch/extensions/(SEN0227)-SHT20_I2C_Water-thirdex/arduinoC/libraries/ext-DFRobot_SHT20-master/mpython/DFRobot_SHT20.cpp.o","\\arduino\\hardware\\dfrobot\\mpython\\libraries\\Wire\\mpython\\Wire.cpp.o"],"AllIncludes":["/arduino/hardware/dfrobot/mpython/cores/esp32","/arduino/hardware/dfrobot/mpython/variants/mpython","!DFScratch/extensions/(SEN0227)-SHT20_I2C_Water-thirdex/arduinoC/libraries/ext-DFRobot_SHT20-master","/arduino/hardware/dfrobot/mpython/libraries/Wire"]}}}